{
  "GET  character id " : {
    "transaction" : "GET  character id ",
    "sampleCount" : 21760,
    "errorCount" : 43,
    "errorPct" : 0.19761029,
    "meanResTime" : 484.6214154411754,
    "medianResTime" : 86.0,
    "minResTime" : 3.0,
    "maxResTime" : 133981.0,
    "pct1ResTime" : 289.0,
    "pct2ResTime" : 1333.0,
    "pct3ResTime" : 6972.990000000002,
    "throughput" : 100.67688549392284,
    "receivedKBytesPerSec" : 26.576102664340212,
    "sentKBytesPerSec" : 15.895923722569481
  },
  "UPDATE character" : {
    "transaction" : "UPDATE character",
    "sampleCount" : 21721,
    "errorCount" : 5,
    "errorPct" : 0.023019198,
    "meanResTime" : 204.3924312876952,
    "medianResTime" : 107.0,
    "minResTime" : 3.0,
    "maxResTime" : 2887.0,
    "pct1ResTime" : 201.0,
    "pct2ResTime" : 704.0,
    "pct3ResTime" : 2489.970000000005,
    "throughput" : 100.52295446131063,
    "receivedKBytesPerSec" : 26.167432381814603,
    "sentKBytesPerSec" : 22.278767557154755
  },
  "Total" : {
    "transaction" : "Total",
    "sampleCount" : 109641,
    "errorCount" : 1952,
    "errorPct" : 1.7803559,
    "meanResTime" : 1924.2676371065463,
    "medianResTime" : 112.0,
    "minResTime" : 3.0,
    "maxResTime" : 133981.0,
    "pct1ResTime" : 5534.600000000006,
    "pct2ResTime" : 8718.800000000017,
    "pct3ResTime" : 22739.780000000035,
    "throughput" : 506.98461581145006,
    "receivedKBytesPerSec" : 194.77134707165186,
    "sentKBytesPerSec" : 93.23415286534558
  },
  "DELETE character" : {
    "transaction" : "DELETE character",
    "sampleCount" : 21716,
    "errorCount" : 4,
    "errorPct" : 0.0184196,
    "meanResTime" : 176.89620556271964,
    "medianResTime" : 95.0,
    "minResTime" : 3.0,
    "maxResTime" : 4142.0,
    "pct1ResTime" : 192.0,
    "pct2ResTime" : 600.9000000000015,
    "pct3ResTime" : 2051.9900000000016,
    "throughput" : 100.63674195730955,
    "receivedKBytesPerSec" : 24.515626158555236,
    "sentKBytesPerSec" : 18.079833724152632
  },
  "CREATE character " : {
    "transaction" : "CREATE character ",
    "sampleCount" : 21732,
    "errorCount" : 11,
    "errorPct" : 0.050616603,
    "meanResTime" : 178.3281336278286,
    "medianResTime" : 89.0,
    "minResTime" : 3.0,
    "maxResTime" : 4594.0,
    "pct1ResTime" : 205.0,
    "pct2ResTime" : 460.9500000000007,
    "pct3ResTime" : 2066.9900000000016,
    "throughput" : 100.55710821965981,
    "receivedKBytesPerSec" : 26.242313336645594,
    "sentKBytesPerSec" : 21.887582760820578
  },
  "GET all characters" : {
    "transaction" : "GET all characters",
    "sampleCount" : 22712,
    "errorCount" : 1889,
    "errorPct" : 8.317189,
    "meanResTime" : 8289.747842550152,
    "medianResTime" : 5787.0,
    "minResTime" : 39.0,
    "maxResTime" : 133978.0,
    "pct1ResTime" : 14439.700000000004,
    "pct2ResTime" : 21783.0,
    "pct3ResTime" : 65884.3900000001,
    "throughput" : 105.02124747411692,
    "receivedKBytesPerSec" : 91.37845336479994,
    "sentKBytesPerSec" : 15.17419200641817
  }
}