{
  "GET  character id " : {
    "transaction" : "GET  character id ",
    "sampleCount" : 10164,
    "errorCount" : 6610,
    "errorPct" : 65.033455,
    "meanResTime" : 14666.48622589534,
    "medianResTime" : 4662.5,
    "minResTime" : 0.0,
    "maxResTime" : 85248.0,
    "pct1ResTime" : 48077.0,
    "pct2ResTime" : 54425.25,
    "pct3ResTime" : 61104.8,
    "throughput" : 53.023663453111304,
    "receivedKBytesPerSec" : 84.98576829600705,
    "sentKBytesPerSec" : 3.0602707915988483
  },
  "UPDATE character" : {
    "transaction" : "UPDATE character",
    "sampleCount" : 8474,
    "errorCount" : 5774,
    "errorPct" : 68.13783,
    "meanResTime" : 16589.938871843195,
    "medianResTime" : 9941.5,
    "minResTime" : 0.0,
    "maxResTime" : 95544.0,
    "pct1ResTime" : 44528.0,
    "pct2ResTime" : 53258.5,
    "pct3ResTime" : 61655.5,
    "throughput" : 44.21809529276095,
    "receivedKBytesPerSec" : 75.09283614120935,
    "sentKBytesPerSec" : 3.2967220447346866
  },
  "Total" : {
    "transaction" : "Total",
    "sampleCount" : 47336,
    "errorCount" : 31583,
    "errorPct" : 66.72089,
    "meanResTime" : 17279.947671962127,
    "medianResTime" : 26488.5,
    "minResTime" : 0.0,
    "maxResTime" : 99442.0,
    "pct1ResTime" : 55328.20000000001,
    "pct2ResTime" : 60893.45000000001,
    "pct3ResTime" : 65286.720000000045,
    "throughput" : 246.84508041133893,
    "receivedKBytesPerSec" : 1146.0573466115902,
    "sentKBytesPerSec" : 16.039088288534344
  },
  "DELETE character" : {
    "transaction" : "DELETE character",
    "sampleCount" : 7408,
    "errorCount" : 5464,
    "errorPct" : 73.7581,
    "meanResTime" : 16873.310610151224,
    "medianResTime" : 10492.5,
    "minResTime" : 0.0,
    "maxResTime" : 88183.0,
    "pct1ResTime" : 44770.100000000006,
    "pct2ResTime" : 53354.799999999974,
    "pct3ResTime" : 61757.19,
    "throughput" : 38.66347950438931,
    "receivedKBytesPerSec" : 70.27358571576758,
    "sentKBytesPerSec" : 1.9215858263483678
  },
  "CREATE character " : {
    "transaction" : "CREATE character ",
    "sampleCount" : 9534,
    "errorCount" : 5987,
    "errorPct" : 62.796307,
    "meanResTime" : 14229.43612334802,
    "medianResTime" : 7991.0,
    "minResTime" : 0.0,
    "maxResTime" : 85527.0,
    "pct1ResTime" : 32563.5,
    "pct2ResTime" : 49107.25,
    "pct3ResTime" : 61057.65,
    "throughput" : 49.741484105576745,
    "receivedKBytesPerSec" : 80.3781691674797,
    "sentKBytesPerSec" : 4.159567982049971
  },
  "GET all characters" : {
    "transaction" : "GET all characters",
    "sampleCount" : 11756,
    "errorCount" : 7748,
    "errorPct" : 65.90677,
    "meanResTime" : 22767.043722354494,
    "medianResTime" : 23193.5,
    "minResTime" : 0.0,
    "maxResTime" : 99442.0,
    "pct1ResTime" : 50565.50000000004,
    "pct2ResTime" : 60168.899999999994,
    "pct3ResTime" : 64861.3,
    "throughput" : 61.30452013933794,
    "receivedKBytesPerSec" : 835.5071818420037,
    "sentKBytesPerSec" : 3.607909657182787
  }
}