{
  "GET  character id " : {
    "transaction" : "GET  character id ",
    "sampleCount" : 20000,
    "errorCount" : 14228,
    "errorPct" : 71.14,
    "meanResTime" : 2473.894699999992,
    "medianResTime" : 234.0,
    "minResTime" : 1.0,
    "maxResTime" : 66621.0,
    "pct1ResTime" : 5131.9000000000015,
    "pct2ResTime" : 17766.100000000246,
    "pct3ResTime" : 31875.93000000001,
    "throughput" : 126.89711182173494,
    "receivedKBytesPerSec" : 238.8056485969145,
    "sentKBytesPerSec" : 5.793794969164002
  },
  "UPDATE character" : {
    "transaction" : "UPDATE character",
    "sampleCount" : 20000,
    "errorCount" : 13965,
    "errorPct" : 69.825,
    "meanResTime" : 2683.4399500000104,
    "medianResTime" : 205.0,
    "minResTime" : 1.0,
    "maxResTime" : 67032.0,
    "pct1ResTime" : 5270.700000000004,
    "pct2ResTime" : 26157.0,
    "pct3ResTime" : 35953.95000000001,
    "throughput" : 126.94866196110294,
    "receivedKBytesPerSec" : 231.30545201856305,
    "sentKBytesPerSec" : 9.396593669863657
  },
  "Total" : {
    "transaction" : "Total",
    "sampleCount" : 100000,
    "errorCount" : 69381,
    "errorPct" : 69.381,
    "meanResTime" : 3378.1694499999917,
    "medianResTime" : 121.0,
    "minResTime" : 1.0,
    "maxResTime" : 67037.0,
    "pct1ResTime" : 20370.9,
    "pct2ResTime" : 31643.95,
    "pct3ResTime" : 34565.990000000005,
    "throughput" : 634.1998617444301,
    "receivedKBytesPerSec" : 1225.4405174535766,
    "sentKBytesPerSec" : 37.237750925139046
  },
  "DELETE character" : {
    "transaction" : "DELETE character",
    "sampleCount" : 20000,
    "errorCount" : 12721,
    "errorPct" : 63.605,
    "meanResTime" : 2571.0810499999993,
    "medianResTime" : 170.0,
    "minResTime" : 1.0,
    "maxResTime" : 67003.0,
    "pct1ResTime" : 5272.9000000000015,
    "pct2ResTime" : 18364.700000000004,
    "pct3ResTime" : 33348.48000000008,
    "throughput" : 126.98170828492155,
    "receivedKBytesPerSec" : 217.60013970964047,
    "sentKBytesPerSec" : 8.304256506225279
  },
  "CREATE character " : {
    "transaction" : "CREATE character ",
    "sampleCount" : 20000,
    "errorCount" : 13846,
    "errorPct" : 69.23,
    "meanResTime" : 2818.572050000005,
    "medianResTime" : 211.0,
    "minResTime" : 1.0,
    "maxResTime" : 66476.0,
    "pct1ResTime" : 6365.200000000012,
    "pct2ResTime" : 30097.95,
    "pct3ResTime" : 36387.98,
    "throughput" : 126.90516377111385,
    "receivedKBytesPerSec" : 234.5122286014099,
    "sentKBytesPerSec" : 8.503773743162984
  },
  "GET all characters" : {
    "transaction" : "GET all characters",
    "sampleCount" : 20000,
    "errorCount" : 14621,
    "errorPct" : 73.105,
    "meanResTime" : 6343.85949999998,
    "medianResTime" : 641.0,
    "minResTime" : 1.0,
    "maxResTime" : 67037.0,
    "pct1ResTime" : 30358.800000000003,
    "pct2ResTime" : 34693.75,
    "pct3ResTime" : 36488.0,
    "throughput" : 126.86571897974588,
    "receivedKBytesPerSec" : 303.9476523300475,
    "sentKBytesPerSec" : 5.264691942282441
  }
}