{
  "GET  character id " : {
    "transaction" : "GET  character id ",
    "sampleCount" : 100,
    "errorCount" : 0,
    "errorPct" : 0.0,
    "meanResTime" : 37.370000000000005,
    "medianResTime" : 27.0,
    "minResTime" : 4.0,
    "maxResTime" : 107.0,
    "pct1ResTime" : 82.80000000000001,
    "pct2ResTime" : 96.84999999999997,
    "pct3ResTime" : 106.93999999999997,
    "throughput" : 75.41478129713424,
    "receivedKBytesPerSec" : 19.590167797888384,
    "sentKBytesPerSec" : 11.930854072398189
  },
  "UPDATE character" : {
    "transaction" : "UPDATE character",
    "sampleCount" : 100,
    "errorCount" : 0,
    "errorPct" : 0.0,
    "meanResTime" : 49.819999999999986,
    "medianResTime" : 23.5,
    "minResTime" : 7.0,
    "maxResTime" : 204.0,
    "pct1ResTime" : 115.9,
    "pct2ResTime" : 117.94999999999999,
    "pct3ResTime" : 203.6499999999998,
    "throughput" : 62.61740763932373,
    "receivedKBytesPerSec" : 16.265850031308705,
    "sentKBytesPerSec" : 13.881007357545398
  },
  "Total" : {
    "transaction" : "Total",
    "sampleCount" : 500,
    "errorCount" : 0,
    "errorPct" : 0.0,
    "meanResTime" : 83.00400000000002,
    "medianResTime" : 39.5,
    "minResTime" : 4.0,
    "maxResTime" : 476.0,
    "pct1ResTime" : 268.60000000000014,
    "pct2ResTime" : 388.5999999999999,
    "pct3ResTime" : 462.9200000000001,
    "throughput" : 297.2651605231867,
    "receivedKBytesPerSec" : 97.77469158739596,
    "sentKBytesPerSec" : 55.388859988109395
  },
  "DELETE character" : {
    "transaction" : "DELETE character",
    "sampleCount" : 100,
    "errorCount" : 0,
    "errorPct" : 0.0,
    "meanResTime" : 39.09,
    "medianResTime" : 23.5,
    "minResTime" : 5.0,
    "maxResTime" : 111.0,
    "pct1ResTime" : 87.90000000000006,
    "pct2ResTime" : 104.0,
    "pct3ResTime" : 110.99,
    "throughput" : 61.99628022318661,
    "receivedKBytesPerSec" : 15.075267358958463,
    "sentKBytesPerSec" : 11.139956602603844
  },
  "CREATE character " : {
    "transaction" : "CREATE character ",
    "sampleCount" : 100,
    "errorCount" : 0,
    "errorPct" : 0.0,
    "meanResTime" : 42.19000000000002,
    "medianResTime" : 22.0,
    "minResTime" : 6.0,
    "maxResTime" : 196.0,
    "pct1ResTime" : 93.0,
    "pct2ResTime" : 97.84999999999997,
    "pct3ResTime" : 195.13999999999956,
    "throughput" : 69.63788300835655,
    "receivedKBytesPerSec" : 18.08952820334262,
    "sentKBytesPerSec" : 15.165281162952647
  },
  "GET all characters" : {
    "transaction" : "GET all characters",
    "sampleCount" : 100,
    "errorCount" : 0,
    "errorPct" : 0.0,
    "meanResTime" : 246.55000000000004,
    "medianResTime" : 267.0,
    "minResTime" : 45.0,
    "maxResTime" : 476.0,
    "pct1ResTime" : 437.6,
    "pct2ResTime" : 462.5999999999999,
    "pct3ResTime" : 475.96,
    "throughput" : 80.58017727639002,
    "receivedKBytesPerSec" : 50.12968372280419,
    "sentKBytesPerSec" : 12.433269540692988
  }
}