{
  "GET  character id " : {
    "transaction" : "GET  character id ",
    "sampleCount" : 2000,
    "errorCount" : 0,
    "errorPct" : 0.0,
    "meanResTime" : 96.90949999999994,
    "medianResTime" : 59.0,
    "minResTime" : 3.0,
    "maxResTime" : 891.0,
    "pct1ResTime" : 184.80000000000018,
    "pct2ResTime" : 350.9499999999998,
    "pct3ResTime" : 877.98,
    "throughput" : 59.04581955597544,
    "receivedKBytesPerSec" : 15.338074220595182,
    "sentKBytesPerSec" : 9.341233171941427
  },
  "UPDATE character" : {
    "transaction" : "UPDATE character",
    "sampleCount" : 2000,
    "errorCount" : 0,
    "errorPct" : 0.0,
    "meanResTime" : 93.0834999999999,
    "medianResTime" : 99.0,
    "minResTime" : 3.0,
    "maxResTime" : 352.0,
    "pct1ResTime" : 147.0,
    "pct2ResTime" : 158.94999999999982,
    "pct3ResTime" : 188.99,
    "throughput" : 58.652746414850874,
    "receivedKBytesPerSec" : 15.235967330420248,
    "sentKBytesPerSec" : 13.002122496260888
  },
  "Total" : {
    "transaction" : "Total",
    "sampleCount" : 10000,
    "errorCount" : 133,
    "errorPct" : 1.33,
    "meanResTime" : 1531.0964999999987,
    "medianResTime" : 99.0,
    "minResTime" : 3.0,
    "maxResTime" : 30225.0,
    "pct1ResTime" : 5555.499999999998,
    "pct2ResTime" : 8951.0,
    "pct3ResTime" : 30083.0,
    "throughput" : 292.02196005139587,
    "receivedKBytesPerSec" : 107.71749019901297,
    "sentKBytesPerSec" : 53.812631866166335
  },
  "DELETE character" : {
    "transaction" : "DELETE character",
    "sampleCount" : 2000,
    "errorCount" : 0,
    "errorPct" : 0.0,
    "meanResTime" : 87.43799999999997,
    "medianResTime" : 94.0,
    "minResTime" : 3.0,
    "maxResTime" : 413.0,
    "pct1ResTime" : 139.0,
    "pct2ResTime" : 148.0,
    "pct3ResTime" : 171.97000000000003,
    "throughput" : 58.6665102226394,
    "receivedKBytesPerSec" : 14.265586958434778,
    "sentKBytesPerSec" : 10.541638555630518
  },
  "CREATE character " : {
    "transaction" : "CREATE character ",
    "sampleCount" : 2000,
    "errorCount" : 0,
    "errorPct" : 0.0,
    "meanResTime" : 81.56199999999988,
    "medianResTime" : 84.0,
    "minResTime" : 4.0,
    "maxResTime" : 334.0,
    "pct1ResTime" : 135.0,
    "pct2ResTime" : 154.0,
    "pct3ResTime" : 267.99,
    "throughput" : 58.80104665863052,
    "receivedKBytesPerSec" : 15.27449063593332,
    "sentKBytesPerSec" : 12.805306059447858
  },
  "GET all characters" : {
    "transaction" : "GET all characters",
    "sampleCount" : 2000,
    "errorCount" : 133,
    "errorPct" : 6.65,
    "meanResTime" : 7296.489500000004,
    "medianResTime" : 5553.5,
    "minResTime" : 28.0,
    "maxResTime" : 30225.0,
    "pct1ResTime" : 12042.9,
    "pct2ResTime" : 30083.0,
    "pct3ResTime" : 30170.99,
    "throughput" : 59.17334832391491,
    "receivedKBytesPerSec" : 48.633269013136484,
    "sentKBytesPerSec" : 8.523100258143732
  }
}