{
  "GET  character id " : {
    "transaction" : "GET  character id ",
    "sampleCount" : 9863,
    "errorCount" : 9127,
    "errorPct" : 92.537766,
    "meanResTime" : 44367.0112541823,
    "medianResTime" : 21965.0,
    "minResTime" : 0.0,
    "maxResTime" : 299517.0,
    "pct1ResTime" : 187585.00000000006,
    "pct2ResTime" : 238503.99999999997,
    "pct3ResTime" : 285706.36,
    "throughput" : 29.42510218085265,
    "receivedKBytesPerSec" : 70.15423796484829,
    "sentKBytesPerSec" : 0.36672880493153137
  },
  "UPDATE character" : {
    "transaction" : "UPDATE character",
    "sampleCount" : 6771,
    "errorCount" : 6297,
    "errorPct" : 92.99956,
    "meanResTime" : 30555.825431989335,
    "medianResTime" : 1252.0,
    "minResTime" : 0.0,
    "maxResTime" : 308241.0,
    "pct1ResTime" : 121189.8,
    "pct2ResTime" : 146884.19999999987,
    "pct3ResTime" : 285769.96,
    "throughput" : 20.227518506790304,
    "receivedKBytesPerSec" : 48.174353658003774,
    "sentKBytesPerSec" : 0.38542393283483994
  },
  "Total" : {
    "transaction" : "Total",
    "sampleCount" : 44813,
    "errorCount" : 40280,
    "errorPct" : 89.88463,
    "meanResTime" : 59360.19393925866,
    "medianResTime" : 38358.5,
    "minResTime" : 0.0,
    "maxResTime" : 318506.0,
    "pct1ResTime" : 290779.8,
    "pct2ResTime" : 300151.95,
    "pct3ResTime" : 311530.4700000001,
    "throughput" : 133.6393024143525,
    "receivedKBytesPerSec" : 875.8723967652568,
    "sentKBytesPerSec" : 2.8112546009056807
  },
  "DELETE character" : {
    "transaction" : "DELETE character",
    "sampleCount" : 5570,
    "errorCount" : 5146,
    "errorPct" : 92.387794,
    "meanResTime" : 25345.326391382434,
    "medianResTime" : 1222.5,
    "minResTime" : 1.0,
    "maxResTime" : 301177.0,
    "pct1ResTime" : 55529.000000000065,
    "pct2ResTime" : 139424.8,
    "pct3ResTime" : 278811.70999999996,
    "throughput" : 16.663874395672778,
    "receivedKBytesPerSec" : 39.78163735748199,
    "sentKBytesPerSec" : 0.24782184164233403
  },
  "CREATE character " : {
    "transaction" : "CREATE character ",
    "sampleCount" : 7969,
    "errorCount" : 7416,
    "errorPct" : 93.06061,
    "meanResTime" : 32075.63496047178,
    "medianResTime" : 2947.0,
    "minResTime" : 1.0,
    "maxResTime" : 308611.0,
    "pct1ResTime" : 100601.0,
    "pct2ResTime" : 198316.0,
    "pct3ResTime" : 281325.6,
    "throughput" : 23.781741567165735,
    "receivedKBytesPerSec" : 57.17332804213955,
    "sentKBytesPerSec" : 0.3710913602430996
  },
  "GET all characters" : {
    "transaction" : "GET all characters",
    "sampleCount" : 14640,
    "errorCount" : 12294,
    "errorPct" : 83.97541,
    "meanResTime" : 110576.42363387955,
    "medianResTime" : 45541.0,
    "minResTime" : 1.0,
    "maxResTime" : 318506.0,
    "pct1ResTime" : 294908.8,
    "pct2ResTime" : 302508.7,
    "pct3ResTime" : 312570.88,
    "throughput" : 43.65874606355568,
    "receivedKBytesPerSec" : 660.8698237248307,
    "sentKBytesPerSec" : 1.4420698726321692
  }
}